<application>
  <component name="CodotaSettings">
    <option name="methodCompletionsPercentageSet" value="true" />
    <option name="id" value="86b42cbf-6030-40eb-aa99-9a3ca66be158" />
    <option name="wasRunBefore" value="true" />
    <option name="firstRun" value="1639710777736" />
    <option name="generation" value="94" />
    <option name="updateGeneration" value="1" />
    <option name="isInJSBeta" value="YES" />
    <option name="isMethodCompletionsPercentageActive" value="true" />
    <option name="isMethodCompletionsPercentageSet" value="true" />
  </component>
</application>