<application>
  <component name="FileTypeManager" version="17">
    <extensionMap>
      <mapping ext="klib" type="ARCHIVE" />
      <mapping pattern="deploy" type="PLAIN_TEXT" />
      <mapping pattern="README" type="PLAIN_TEXT" />
      <mapping pattern="bpf_plugin_hotswap" type="PLAIN_TEXT" />
      <mapping pattern=".gitkeep" type="PLAIN_TEXT" />
      <mapping pattern=".nojekyll" type="PLAIN_TEXT" />
      <mapping ext="test" type="PLAIN_TEXT" />
    </extensionMap>
  </component>
</application>