<application>
  <component name="ActionMacroManager">
    <macro name="test">
      <typing text-keycode="80:0;82:0;73:0;86:0;65:0;84:0;69:0;32:0;83:1;84:0;82:0;73:0;78:0;71:0;32:0">private&amp;#x20;String&amp;#x20;</typing>
      <action id="PlaySavedMacrosAction" />
      <shortuct text="ENTER" />
      <shortuct text="ENTER" />
      <shortuct text="ENTER" />
      <action id="EditorEnter" />
      <action id="EditorEnter" />
      <action id="EditorBackSpace" />
      <action id="EditorBackSpace" />
    </macro>
  </component>
</application>