<application>
  <component name="SonarLintGlobalSettings">
    <option name="excludedRules">
      <set>
        <option value="python:S125" />
        <option value="squid:ClassVariableVisibilityCheck" />
        <option value="squid:S1068" />
        <option value="squid:S1149" />
        <option value="squid:S1602" />
        <option value="squid:S2189" />
        <option value="squid:S2234" />
        <option value="squid:S2445" />
        <option value="squid:S2446" />
        <option value="squid:S2589" />
        <option value="squid:S3824" />
        <option value="squid:S4144" />
      </set>
    </option>
    <option name="sonarQubeServers">
      <list>
        <SonarQubeServer>
          <option name="hostUrl" value="https://sonarcloud.io" />
          <token>df9edf9fdfcfdf9edfcfdf9fdf9fdfcbdf9edf93df99df9ddf9fdfcbdf92df9edf93dfc8df99df92dfcedf9adf9adf9fdf92df9cdf9bdf9cdf9adfc9df98df9adfcbdfcedf98df9edf9bdf92dfcedfcb</token>
          <option name="name" value="sonar.sankuai.com" />
          <enableNotifications>true</enableNotifications>
        </SonarQubeServer>
      </list>
    </option>
  </component>
</application>